ID,Name,Nexus_File,rooted,type,method,scaling,Source
summary,TREE1,summary.trees,true,summary,bayesian,substitutions,Dunn2011
posterior-1,tree.1005000.7149.431067,posterior.trees,,sample,bayesian,substitutions,Dunn2011
posterior-2,tree.1010000.7142.602593,posterior.trees,,sample,bayesian,substitutions,Dunn2011
posterior-3,tree.1015000.7158.470094,posterior.trees,,sample,bayesian,substitutions,Dunn2011
posterior-4,tree.1020000.7154.770007,posterior.trees,,sample,bayesian,substitutions,Dunn2011
posterior-5,tree.1025000.7152.902973,posterior.trees,,sample,bayesian,substitutions,Dunn2011
posterior-6,tree.1030000.7165.309531,posterior.trees,,sample,bayesian,substitutions,Dunn2011
posterior-7,tree.1035000.7163.919433,posterior.trees,,sample,bayesian,substitutions,Dunn2011
posterior-8,tree.1040000.7154.068472,posterior.trees,,sample,bayesian,substitutions,Dunn2011
posterior-9,tree.1045000.7154.694286,posterior.trees,,sample,bayesian,substitutions,Dunn2011
posterior-10,tree.1050000.7148.392199,posterior.trees,,sample,bayesian,substitutions,Dunn2011
posterior-11,tree.1055000.7161.766060,posterior.trees,,sample,bayesian,substitutions,Dunn2011
posterior-12,tree.1060000.7150.998193,posterior.trees,,sample,bayesian,substitutions,Dunn2011
posterior-13,tree.1065000.7149.522249,posterior.trees,,sample,bayesian,substitutions,Dunn2011
posterior-14,tree.1070000.7161.292013,posterior.trees,,sample,bayesian,substitutions,Dunn2011
posterior-15,tree.1075000.7164.184713,posterior.trees,,sample,bayesian,substitutions,Dunn2011
posterior-16,tree.1080000.7146.443028,posterior.trees,,sample,bayesian,substitutions,Dunn2011
posterior-17,tree.1085000.7141.688025,posterior.trees,,sample,bayesian,substitutions,Dunn2011
posterior-18,tree.1090000.7148.402409,posterior.trees,,sample,bayesian,substitutions,Dunn2011
posterior-19,tree.1095000.7152.319097,posterior.trees,,sample,bayesian,substitutions,Dunn2011
posterior-20,tree.1100000.7150.123695,posterior.trees,,sample,bayesian,substitutions,Dunn2011
posterior-21,tree.1105000.7151.119770,posterior.trees,,sample,bayesian,substitutions,Dunn2011
posterior-22,tree.1110000.7151.233792,posterior.trees,,sample,bayesian,substitutions,Dunn2011
posterior-23,tree.1115000.7170.858258,posterior.trees,,sample,bayesian,substitutions,Dunn2011
posterior-24,tree.1120000.7148.703061,posterior.trees,,sample,bayesian,substitutions,Dunn2011
posterior-25,tree.1125000.7142.523661,posterior.trees,,sample,bayesian,substitutions,Dunn2011
posterior-26,tree.1130000.7156.438606,posterior.trees,,sample,bayesian,substitutions,Dunn2011
posterior-27,tree.1135000.7150.486625,posterior.trees,,sample,bayesian,substitutions,Dunn2011
posterior-28,tree.1140000.7152.080663,posterior.trees,,sample,bayesian,substitutions,Dunn2011
posterior-29,tree.1145000.7153.208183,posterior.trees,,sample,bayesian,substitutions,Dunn2011
posterior-30,tree.1150000.7152.124907,posterior.trees,,sample,bayesian,substitutions,Dunn2011
posterior-31,tree.1155000.7166.114176,posterior.trees,,sample,bayesian,substitutions,Dunn2011
posterior-32,tree.1160000.7163.190704,posterior.trees,,sample,bayesian,substitutions,Dunn2011
posterior-33,tree.1165000.7153.512966,posterior.trees,,sample,bayesian,substitutions,Dunn2011
posterior-34,tree.1170000.7154.236947,posterior.trees,,sample,bayesian,substitutions,Dunn2011
posterior-35,tree.1175000.7165.129083,posterior.trees,,sample,bayesian,substitutions,Dunn2011
posterior-36,tree.1180000.7162.038211,posterior.trees,,sample,bayesian,substitutions,Dunn2011
posterior-37,tree.1185000.7154.919946,posterior.trees,,sample,bayesian,substitutions,Dunn2011
posterior-38,tree.1190000.7160.840616,posterior.trees,,sample,bayesian,substitutions,Dunn2011
posterior-39,tree.1195000.7157.715484,posterior.trees,,sample,bayesian,substitutions,Dunn2011
posterior-40,tree.1200000.7157.160638,posterior.trees,,sample,bayesian,substitutions,Dunn2011
posterior-41,tree.1205000.7155.571966,posterior.trees,,sample,bayesian,substitutions,Dunn2011
posterior-42,tree.1210000.7156.706368,posterior.trees,,sample,bayesian,substitutions,Dunn2011
posterior-43,tree.1215000.7159.408243,posterior.trees,,sample,bayesian,substitutions,Dunn2011
posterior-44,tree.1220000.7158.047870,posterior.trees,,sample,bayesian,substitutions,Dunn2011
posterior-45,tree.1225000.7145.231916,posterior.trees,,sample,bayesian,substitutions,Dunn2011
posterior-46,tree.1230000.7153.069666,posterior.trees,,sample,bayesian,substitutions,Dunn2011
posterior-47,tree.1235000.7152.973088,posterior.trees,,sample,bayesian,substitutions,Dunn2011
posterior-48,tree.1240000.7155.812865,posterior.trees,,sample,bayesian,substitutions,Dunn2011
posterior-49,tree.1245000.7160.145234,posterior.trees,,sample,bayesian,substitutions,Dunn2011
posterior-50,tree.1250000.7165.506703,posterior.trees,,sample,bayesian,substitutions,Dunn2011
posterior-51,tree.1255000.7156.044044,posterior.trees,,sample,bayesian,substitutions,Dunn2011
posterior-52,tree.1260000.7156.588453,posterior.trees,,sample,bayesian,substitutions,Dunn2011
posterior-53,tree.1265000.7151.389457,posterior.trees,,sample,bayesian,substitutions,Dunn2011
posterior-54,tree.1270000.7164.424009,posterior.trees,,sample,bayesian,substitutions,Dunn2011
posterior-55,tree.1275000.7158.499918,posterior.trees,,sample,bayesian,substitutions,Dunn2011
posterior-56,tree.1280000.7160.662198,posterior.trees,,sample,bayesian,substitutions,Dunn2011
posterior-57,tree.1285000.7150.532071,posterior.trees,,sample,bayesian,substitutions,Dunn2011
posterior-58,tree.1290000.7139.876003,posterior.trees,,sample,bayesian,substitutions,Dunn2011
posterior-59,tree.1295000.7154.618928,posterior.trees,,sample,bayesian,substitutions,Dunn2011
posterior-60,tree.1300000.7143.352526,posterior.trees,,sample,bayesian,substitutions,Dunn2011
posterior-61,tree.1305000.7155.370396,posterior.trees,,sample,bayesian,substitutions,Dunn2011
posterior-62,tree.1310000.7150.778582,posterior.trees,,sample,bayesian,substitutions,Dunn2011
posterior-63,tree.1315000.7152.457922,posterior.trees,,sample,bayesian,substitutions,Dunn2011
posterior-64,tree.1320000.7175.725887,posterior.trees,,sample,bayesian,substitutions,Dunn2011
posterior-65,tree.1325000.7153.574512,posterior.trees,,sample,bayesian,substitutions,Dunn2011
posterior-66,tree.1330000.7155.320445,posterior.trees,,sample,bayesian,substitutions,Dunn2011
posterior-67,tree.1335000.7152.013325,posterior.trees,,sample,bayesian,substitutions,Dunn2011
posterior-68,tree.1340000.7168.358636,posterior.trees,,sample,bayesian,substitutions,Dunn2011
posterior-69,tree.1345000.7152.826762,posterior.trees,,sample,bayesian,substitutions,Dunn2011
posterior-70,tree.1350000.7153.646455,posterior.trees,,sample,bayesian,substitutions,Dunn2011
posterior-71,tree.1355000.7149.039021,posterior.trees,,sample,bayesian,substitutions,Dunn2011
posterior-72,tree.1360000.7147.375447,posterior.trees,,sample,bayesian,substitutions,Dunn2011
posterior-73,tree.1365000.7150.371812,posterior.trees,,sample,bayesian,substitutions,Dunn2011
posterior-74,tree.1370000.7148.397372,posterior.trees,,sample,bayesian,substitutions,Dunn2011
posterior-75,tree.1375000.7153.280604,posterior.trees,,sample,bayesian,substitutions,Dunn2011
posterior-76,tree.1380000.7159.422501,posterior.trees,,sample,bayesian,substitutions,Dunn2011
posterior-77,tree.1385000.7156.418813,posterior.trees,,sample,bayesian,substitutions,Dunn2011
posterior-78,tree.1390000.7151.950293,posterior.trees,,sample,bayesian,substitutions,Dunn2011
posterior-79,tree.1395000.7163.410553,posterior.trees,,sample,bayesian,substitutions,Dunn2011
posterior-80,tree.1400000.7156.078549,posterior.trees,,sample,bayesian,substitutions,Dunn2011
posterior-81,tree.1405000.7160.537733,posterior.trees,,sample,bayesian,substitutions,Dunn2011
posterior-82,tree.1410000.7153.685614,posterior.trees,,sample,bayesian,substitutions,Dunn2011
posterior-83,tree.1415000.7162.495958,posterior.trees,,sample,bayesian,substitutions,Dunn2011
posterior-84,tree.1420000.7161.057173,posterior.trees,,sample,bayesian,substitutions,Dunn2011
posterior-85,tree.1425000.7151.120930,posterior.trees,,sample,bayesian,substitutions,Dunn2011
posterior-86,tree.1430000.7155.435244,posterior.trees,,sample,bayesian,substitutions,Dunn2011
posterior-87,tree.1435000.7161.423749,posterior.trees,,sample,bayesian,substitutions,Dunn2011
posterior-88,tree.1440000.7148.571284,posterior.trees,,sample,bayesian,substitutions,Dunn2011
posterior-89,tree.1445000.7153.998866,posterior.trees,,sample,bayesian,substitutions,Dunn2011
posterior-90,tree.1450000.7146.567374,posterior.trees,,sample,bayesian,substitutions,Dunn2011
posterior-91,tree.1455000.7154.289297,posterior.trees,,sample,bayesian,substitutions,Dunn2011
posterior-92,tree.1460000.7150.888312,posterior.trees,,sample,bayesian,substitutions,Dunn2011
posterior-93,tree.1465000.7151.027323,posterior.trees,,sample,bayesian,substitutions,Dunn2011
posterior-94,tree.1470000.7148.396374,posterior.trees,,sample,bayesian,substitutions,Dunn2011
posterior-95,tree.1475000.7145.135334,posterior.trees,,sample,bayesian,substitutions,Dunn2011
posterior-96,tree.1480000.7151.263286,posterior.trees,,sample,bayesian,substitutions,Dunn2011
posterior-97,tree.1485000.7158.159352,posterior.trees,,sample,bayesian,substitutions,Dunn2011
posterior-98,tree.1490000.7148.174518,posterior.trees,,sample,bayesian,substitutions,Dunn2011
posterior-99,tree.1495000.7153.570084,posterior.trees,,sample,bayesian,substitutions,Dunn2011
posterior-100,tree.1500000.7155.733445,posterior.trees,,sample,bayesian,substitutions,Dunn2011
posterior-101,tree.1505000.7152.174796,posterior.trees,,sample,bayesian,substitutions,Dunn2011
posterior-102,tree.1510000.7151.093121,posterior.trees,,sample,bayesian,substitutions,Dunn2011
posterior-103,tree.1515000.7140.830833,posterior.trees,,sample,bayesian,substitutions,Dunn2011
posterior-104,tree.1520000.7150.223092,posterior.trees,,sample,bayesian,substitutions,Dunn2011
posterior-105,tree.1525000.7145.864162,posterior.trees,,sample,bayesian,substitutions,Dunn2011
posterior-106,tree.1530000.7159.304586,posterior.trees,,sample,bayesian,substitutions,Dunn2011
posterior-107,tree.1535000.7164.944226,posterior.trees,,sample,bayesian,substitutions,Dunn2011
posterior-108,tree.1540000.7155.447990,posterior.trees,,sample,bayesian,substitutions,Dunn2011
posterior-109,tree.1545000.7163.899566,posterior.trees,,sample,bayesian,substitutions,Dunn2011
posterior-110,tree.1550000.7146.062139,posterior.trees,,sample,bayesian,substitutions,Dunn2011
posterior-111,tree.1555000.7162.671037,posterior.trees,,sample,bayesian,substitutions,Dunn2011
posterior-112,tree.1560000.7161.198616,posterior.trees,,sample,bayesian,substitutions,Dunn2011
posterior-113,tree.1565000.7155.641822,posterior.trees,,sample,bayesian,substitutions,Dunn2011
posterior-114,tree.1570000.7164.613676,posterior.trees,,sample,bayesian,substitutions,Dunn2011
posterior-115,tree.1575000.7145.989141,posterior.trees,,sample,bayesian,substitutions,Dunn2011
posterior-116,tree.1580000.7153.668501,posterior.trees,,sample,bayesian,substitutions,Dunn2011
posterior-117,tree.1585000.7160.911548,posterior.trees,,sample,bayesian,substitutions,Dunn2011
posterior-118,tree.1590000.7148.498279,posterior.trees,,sample,bayesian,substitutions,Dunn2011
posterior-119,tree.1595000.7156.592289,posterior.trees,,sample,bayesian,substitutions,Dunn2011
posterior-120,tree.1600000.7142.635544,posterior.trees,,sample,bayesian,substitutions,Dunn2011
posterior-121,tree.1605000.7144.527347,posterior.trees,,sample,bayesian,substitutions,Dunn2011
posterior-122,tree.1610000.7151.962214,posterior.trees,,sample,bayesian,substitutions,Dunn2011
posterior-123,tree.1615000.7154.855600,posterior.trees,,sample,bayesian,substitutions,Dunn2011
posterior-124,tree.1620000.7152.793907,posterior.trees,,sample,bayesian,substitutions,Dunn2011
posterior-125,tree.1625000.7163.809604,posterior.trees,,sample,bayesian,substitutions,Dunn2011
posterior-126,tree.1630000.7155.651850,posterior.trees,,sample,bayesian,substitutions,Dunn2011
posterior-127,tree.1635000.7153.809278,posterior.trees,,sample,bayesian,substitutions,Dunn2011
posterior-128,tree.1640000.7158.097603,posterior.trees,,sample,bayesian,substitutions,Dunn2011
posterior-129,tree.1645000.7151.657886,posterior.trees,,sample,bayesian,substitutions,Dunn2011
posterior-130,tree.1650000.7150.056239,posterior.trees,,sample,bayesian,substitutions,Dunn2011
posterior-131,tree.1655000.7148.030430,posterior.trees,,sample,bayesian,substitutions,Dunn2011
posterior-132,tree.1660000.7150.887853,posterior.trees,,sample,bayesian,substitutions,Dunn2011
posterior-133,tree.1665000.7149.533693,posterior.trees,,sample,bayesian,substitutions,Dunn2011
posterior-134,tree.1670000.7154.840467,posterior.trees,,sample,bayesian,substitutions,Dunn2011
posterior-135,tree.1675000.7151.292566,posterior.trees,,sample,bayesian,substitutions,Dunn2011
posterior-136,tree.1680000.7149.144898,posterior.trees,,sample,bayesian,substitutions,Dunn2011
posterior-137,tree.1685000.7162.709690,posterior.trees,,sample,bayesian,substitutions,Dunn2011
posterior-138,tree.1690000.7146.432842,posterior.trees,,sample,bayesian,substitutions,Dunn2011
posterior-139,tree.1695000.7150.761626,posterior.trees,,sample,bayesian,substitutions,Dunn2011
posterior-140,tree.1700000.7156.104577,posterior.trees,,sample,bayesian,substitutions,Dunn2011
posterior-141,tree.1705000.7154.062031,posterior.trees,,sample,bayesian,substitutions,Dunn2011
posterior-142,tree.1710000.7160.517153,posterior.trees,,sample,bayesian,substitutions,Dunn2011
posterior-143,tree.1715000.7147.671935,posterior.trees,,sample,bayesian,substitutions,Dunn2011
posterior-144,tree.1720000.7161.685917,posterior.trees,,sample,bayesian,substitutions,Dunn2011
posterior-145,tree.1725000.7149.476946,posterior.trees,,sample,bayesian,substitutions,Dunn2011
posterior-146,tree.1730000.7150.499894,posterior.trees,,sample,bayesian,substitutions,Dunn2011
posterior-147,tree.1735000.7138.688773,posterior.trees,,sample,bayesian,substitutions,Dunn2011
posterior-148,tree.1740000.7156.636219,posterior.trees,,sample,bayesian,substitutions,Dunn2011
posterior-149,tree.1745000.7162.464617,posterior.trees,,sample,bayesian,substitutions,Dunn2011
posterior-150,tree.1750000.7143.912020,posterior.trees,,sample,bayesian,substitutions,Dunn2011
posterior-151,tree.1755000.7157.296148,posterior.trees,,sample,bayesian,substitutions,Dunn2011
posterior-152,tree.1760000.7141.452507,posterior.trees,,sample,bayesian,substitutions,Dunn2011
posterior-153,tree.1765000.7145.182789,posterior.trees,,sample,bayesian,substitutions,Dunn2011
posterior-154,tree.1770000.7158.299415,posterior.trees,,sample,bayesian,substitutions,Dunn2011
posterior-155,tree.1775000.7160.599586,posterior.trees,,sample,bayesian,substitutions,Dunn2011
posterior-156,tree.1780000.7153.130207,posterior.trees,,sample,bayesian,substitutions,Dunn2011
posterior-157,tree.1785000.7159.837320,posterior.trees,,sample,bayesian,substitutions,Dunn2011
posterior-158,tree.1790000.7145.876704,posterior.trees,,sample,bayesian,substitutions,Dunn2011
posterior-159,tree.1795000.7158.324129,posterior.trees,,sample,bayesian,substitutions,Dunn2011
posterior-160,tree.1800000.7144.492085,posterior.trees,,sample,bayesian,substitutions,Dunn2011
posterior-161,tree.1805000.7152.000550,posterior.trees,,sample,bayesian,substitutions,Dunn2011
posterior-162,tree.1810000.7152.356987,posterior.trees,,sample,bayesian,substitutions,Dunn2011
posterior-163,tree.1815000.7155.704184,posterior.trees,,sample,bayesian,substitutions,Dunn2011
posterior-164,tree.1820000.7143.278263,posterior.trees,,sample,bayesian,substitutions,Dunn2011
posterior-165,tree.1825000.7155.181221,posterior.trees,,sample,bayesian,substitutions,Dunn2011
posterior-166,tree.1830000.7154.581646,posterior.trees,,sample,bayesian,substitutions,Dunn2011
posterior-167,tree.1835000.7147.908476,posterior.trees,,sample,bayesian,substitutions,Dunn2011
posterior-168,tree.1840000.7161.531049,posterior.trees,,sample,bayesian,substitutions,Dunn2011
posterior-169,tree.1845000.7143.522846,posterior.trees,,sample,bayesian,substitutions,Dunn2011
posterior-170,tree.1850000.7150.785620,posterior.trees,,sample,bayesian,substitutions,Dunn2011
posterior-171,tree.1855000.7146.144586,posterior.trees,,sample,bayesian,substitutions,Dunn2011
posterior-172,tree.1860000.7148.191057,posterior.trees,,sample,bayesian,substitutions,Dunn2011
posterior-173,tree.1865000.7159.464179,posterior.trees,,sample,bayesian,substitutions,Dunn2011
posterior-174,tree.1870000.7157.408255,posterior.trees,,sample,bayesian,substitutions,Dunn2011
posterior-175,tree.1875000.7160.267753,posterior.trees,,sample,bayesian,substitutions,Dunn2011
posterior-176,tree.1880000.7166.076551,posterior.trees,,sample,bayesian,substitutions,Dunn2011
posterior-177,tree.1885000.7164.565700,posterior.trees,,sample,bayesian,substitutions,Dunn2011
posterior-178,tree.1890000.7146.530836,posterior.trees,,sample,bayesian,substitutions,Dunn2011
posterior-179,tree.1895000.7146.950523,posterior.trees,,sample,bayesian,substitutions,Dunn2011
posterior-180,tree.1900000.7152.319691,posterior.trees,,sample,bayesian,substitutions,Dunn2011
posterior-181,tree.1905000.7156.832033,posterior.trees,,sample,bayesian,substitutions,Dunn2011
posterior-182,tree.1910000.7145.274745,posterior.trees,,sample,bayesian,substitutions,Dunn2011
posterior-183,tree.1915000.7148.619418,posterior.trees,,sample,bayesian,substitutions,Dunn2011
posterior-184,tree.1920000.7141.972579,posterior.trees,,sample,bayesian,substitutions,Dunn2011
posterior-185,tree.1925000.7150.431484,posterior.trees,,sample,bayesian,substitutions,Dunn2011
posterior-186,tree.1930000.7151.991256,posterior.trees,,sample,bayesian,substitutions,Dunn2011
posterior-187,tree.1935000.7158.629068,posterior.trees,,sample,bayesian,substitutions,Dunn2011
posterior-188,tree.1940000.7158.696985,posterior.trees,,sample,bayesian,substitutions,Dunn2011
posterior-189,tree.1945000.7150.011682,posterior.trees,,sample,bayesian,substitutions,Dunn2011
posterior-190,tree.1950000.7156.677876,posterior.trees,,sample,bayesian,substitutions,Dunn2011
posterior-191,tree.1955000.7161.060980,posterior.trees,,sample,bayesian,substitutions,Dunn2011
posterior-192,tree.1960000.7153.337539,posterior.trees,,sample,bayesian,substitutions,Dunn2011
posterior-193,tree.1965000.7151.020534,posterior.trees,,sample,bayesian,substitutions,Dunn2011
posterior-194,tree.1970000.7153.884529,posterior.trees,,sample,bayesian,substitutions,Dunn2011
posterior-195,tree.1975000.7162.361485,posterior.trees,,sample,bayesian,substitutions,Dunn2011
posterior-196,tree.1980000.7145.994023,posterior.trees,,sample,bayesian,substitutions,Dunn2011
posterior-197,tree.1985000.7161.674478,posterior.trees,,sample,bayesian,substitutions,Dunn2011
posterior-198,tree.1990000.7153.787467,posterior.trees,,sample,bayesian,substitutions,Dunn2011
posterior-199,tree.1995000.7153.453714,posterior.trees,,sample,bayesian,substitutions,Dunn2011
posterior-200,tree.2000000.7148.436382,posterior.trees,,sample,bayesian,substitutions,Dunn2011
posterior-201,tree.2005000.7144.134169,posterior.trees,,sample,bayesian,substitutions,Dunn2011
posterior-202,tree.2010000.7161.017444,posterior.trees,,sample,bayesian,substitutions,Dunn2011
posterior-203,tree.2015000.7156.390205,posterior.trees,,sample,bayesian,substitutions,Dunn2011
posterior-204,tree.2020000.7162.621176,posterior.trees,,sample,bayesian,substitutions,Dunn2011
posterior-205,tree.2025000.7153.925781,posterior.trees,,sample,bayesian,substitutions,Dunn2011
posterior-206,tree.2030000.7157.578667,posterior.trees,,sample,bayesian,substitutions,Dunn2011
posterior-207,tree.2035000.7157.495253,posterior.trees,,sample,bayesian,substitutions,Dunn2011
posterior-208,tree.2040000.7153.100009,posterior.trees,,sample,bayesian,substitutions,Dunn2011
posterior-209,tree.2045000.7143.477241,posterior.trees,,sample,bayesian,substitutions,Dunn2011
posterior-210,tree.2050000.7153.061910,posterior.trees,,sample,bayesian,substitutions,Dunn2011
posterior-211,tree.2055000.7150.723306,posterior.trees,,sample,bayesian,substitutions,Dunn2011
posterior-212,tree.2060000.7149.079601,posterior.trees,,sample,bayesian,substitutions,Dunn2011
posterior-213,tree.2065000.7162.095356,posterior.trees,,sample,bayesian,substitutions,Dunn2011
posterior-214,tree.2070000.7155.111208,posterior.trees,,sample,bayesian,substitutions,Dunn2011
posterior-215,tree.2075000.7156.219711,posterior.trees,,sample,bayesian,substitutions,Dunn2011
posterior-216,tree.2080000.7148.195063,posterior.trees,,sample,bayesian,substitutions,Dunn2011
posterior-217,tree.2085000.7146.614677,posterior.trees,,sample,bayesian,substitutions,Dunn2011
posterior-218,tree.2090000.7155.849897,posterior.trees,,sample,bayesian,substitutions,Dunn2011
posterior-219,tree.2095000.7153.259153,posterior.trees,,sample,bayesian,substitutions,Dunn2011
posterior-220,tree.2100000.7162.480675,posterior.trees,,sample,bayesian,substitutions,Dunn2011
posterior-221,tree.2105000.7147.701250,posterior.trees,,sample,bayesian,substitutions,Dunn2011
posterior-222,tree.2110000.7149.036906,posterior.trees,,sample,bayesian,substitutions,Dunn2011
posterior-223,tree.2115000.7154.250916,posterior.trees,,sample,bayesian,substitutions,Dunn2011
posterior-224,tree.2120000.7165.764719,posterior.trees,,sample,bayesian,substitutions,Dunn2011
posterior-225,tree.2125000.7151.758628,posterior.trees,,sample,bayesian,substitutions,Dunn2011
posterior-226,tree.2130000.7149.630313,posterior.trees,,sample,bayesian,substitutions,Dunn2011
posterior-227,tree.2135000.7156.164150,posterior.trees,,sample,bayesian,substitutions,Dunn2011
posterior-228,tree.2140000.7145.234766,posterior.trees,,sample,bayesian,substitutions,Dunn2011
posterior-229,tree.2145000.7155.081497,posterior.trees,,sample,bayesian,substitutions,Dunn2011
posterior-230,tree.2150000.7166.381598,posterior.trees,,sample,bayesian,substitutions,Dunn2011
posterior-231,tree.2155000.7148.886313,posterior.trees,,sample,bayesian,substitutions,Dunn2011
posterior-232,tree.2160000.7155.029937,posterior.trees,,sample,bayesian,substitutions,Dunn2011
posterior-233,tree.2165000.7148.686590,posterior.trees,,sample,bayesian,substitutions,Dunn2011
posterior-234,tree.2170000.7153.677109,posterior.trees,,sample,bayesian,substitutions,Dunn2011
posterior-235,tree.2175000.7156.212974,posterior.trees,,sample,bayesian,substitutions,Dunn2011
posterior-236,tree.2180000.7154.169516,posterior.trees,,sample,bayesian,substitutions,Dunn2011
posterior-237,tree.2185000.7155.394550,posterior.trees,,sample,bayesian,substitutions,Dunn2011
posterior-238,tree.2190000.7144.542719,posterior.trees,,sample,bayesian,substitutions,Dunn2011
posterior-239,tree.2195000.7155.262426,posterior.trees,,sample,bayesian,substitutions,Dunn2011
posterior-240,tree.2200000.7153.474827,posterior.trees,,sample,bayesian,substitutions,Dunn2011
posterior-241,tree.2205000.7153.250054,posterior.trees,,sample,bayesian,substitutions,Dunn2011
posterior-242,tree.2210000.7143.609912,posterior.trees,,sample,bayesian,substitutions,Dunn2011
posterior-243,tree.2215000.7153.727017,posterior.trees,,sample,bayesian,substitutions,Dunn2011
posterior-244,tree.2220000.7155.197878,posterior.trees,,sample,bayesian,substitutions,Dunn2011
posterior-245,tree.2225000.7158.981448,posterior.trees,,sample,bayesian,substitutions,Dunn2011
posterior-246,tree.2230000.7155.603882,posterior.trees,,sample,bayesian,substitutions,Dunn2011
posterior-247,tree.2235000.7150.710495,posterior.trees,,sample,bayesian,substitutions,Dunn2011
posterior-248,tree.2240000.7161.071895,posterior.trees,,sample,bayesian,substitutions,Dunn2011
posterior-249,tree.2245000.7170.230754,posterior.trees,,sample,bayesian,substitutions,Dunn2011
posterior-250,tree.2250000.7159.732975,posterior.trees,,sample,bayesian,substitutions,Dunn2011
posterior-251,tree.2255000.7148.347742,posterior.trees,,sample,bayesian,substitutions,Dunn2011
posterior-252,tree.2260000.7155.466903,posterior.trees,,sample,bayesian,substitutions,Dunn2011
posterior-253,tree.2265000.7152.970503,posterior.trees,,sample,bayesian,substitutions,Dunn2011
posterior-254,tree.2270000.7143.867604,posterior.trees,,sample,bayesian,substitutions,Dunn2011
posterior-255,tree.2275000.7152.349475,posterior.trees,,sample,bayesian,substitutions,Dunn2011
posterior-256,tree.2280000.7157.244372,posterior.trees,,sample,bayesian,substitutions,Dunn2011
posterior-257,tree.2285000.7148.292228,posterior.trees,,sample,bayesian,substitutions,Dunn2011
posterior-258,tree.2290000.7149.439668,posterior.trees,,sample,bayesian,substitutions,Dunn2011
posterior-259,tree.2295000.7149.417040,posterior.trees,,sample,bayesian,substitutions,Dunn2011
posterior-260,tree.2300000.7151.135368,posterior.trees,,sample,bayesian,substitutions,Dunn2011
posterior-261,tree.2305000.7153.978730,posterior.trees,,sample,bayesian,substitutions,Dunn2011
posterior-262,tree.2310000.7138.480417,posterior.trees,,sample,bayesian,substitutions,Dunn2011
posterior-263,tree.2315000.7159.898731,posterior.trees,,sample,bayesian,substitutions,Dunn2011
posterior-264,tree.2320000.7157.362813,posterior.trees,,sample,bayesian,substitutions,Dunn2011
posterior-265,tree.2325000.7159.981551,posterior.trees,,sample,bayesian,substitutions,Dunn2011
posterior-266,tree.2330000.7151.521142,posterior.trees,,sample,bayesian,substitutions,Dunn2011
posterior-267,tree.2335000.7155.480803,posterior.trees,,sample,bayesian,substitutions,Dunn2011
posterior-268,tree.2340000.7154.170065,posterior.trees,,sample,bayesian,substitutions,Dunn2011
posterior-269,tree.2345000.7152.289527,posterior.trees,,sample,bayesian,substitutions,Dunn2011
posterior-270,tree.2350000.7156.237019,posterior.trees,,sample,bayesian,substitutions,Dunn2011
posterior-271,tree.2355000.7146.178744,posterior.trees,,sample,bayesian,substitutions,Dunn2011
posterior-272,tree.2360000.7147.328669,posterior.trees,,sample,bayesian,substitutions,Dunn2011
posterior-273,tree.2365000.7148.032716,posterior.trees,,sample,bayesian,substitutions,Dunn2011
posterior-274,tree.2370000.7154.238763,posterior.trees,,sample,bayesian,substitutions,Dunn2011
posterior-275,tree.2375000.7161.128391,posterior.trees,,sample,bayesian,substitutions,Dunn2011
posterior-276,tree.2380000.7149.134514,posterior.trees,,sample,bayesian,substitutions,Dunn2011
posterior-277,tree.2385000.7147.337920,posterior.trees,,sample,bayesian,substitutions,Dunn2011
posterior-278,tree.2390000.7147.796310,posterior.trees,,sample,bayesian,substitutions,Dunn2011
posterior-279,tree.2395000.7156.982241,posterior.trees,,sample,bayesian,substitutions,Dunn2011
posterior-280,tree.2400000.7150.613086,posterior.trees,,sample,bayesian,substitutions,Dunn2011
posterior-281,tree.2405000.7152.070538,posterior.trees,,sample,bayesian,substitutions,Dunn2011
posterior-282,tree.2410000.7156.031504,posterior.trees,,sample,bayesian,substitutions,Dunn2011
posterior-283,tree.2415000.7145.731079,posterior.trees,,sample,bayesian,substitutions,Dunn2011
posterior-284,tree.2420000.7146.301418,posterior.trees,,sample,bayesian,substitutions,Dunn2011
posterior-285,tree.2425000.7161.226691,posterior.trees,,sample,bayesian,substitutions,Dunn2011
posterior-286,tree.2430000.7147.054204,posterior.trees,,sample,bayesian,substitutions,Dunn2011
posterior-287,tree.2435000.7154.739981,posterior.trees,,sample,bayesian,substitutions,Dunn2011
posterior-288,tree.2440000.7150.949424,posterior.trees,,sample,bayesian,substitutions,Dunn2011
posterior-289,tree.2445000.7153.172181,posterior.trees,,sample,bayesian,substitutions,Dunn2011
posterior-290,tree.2450000.7168.642885,posterior.trees,,sample,bayesian,substitutions,Dunn2011
posterior-291,tree.2455000.7144.329240,posterior.trees,,sample,bayesian,substitutions,Dunn2011
posterior-292,tree.2460000.7147.739132,posterior.trees,,sample,bayesian,substitutions,Dunn2011
posterior-293,tree.2465000.7153.057764,posterior.trees,,sample,bayesian,substitutions,Dunn2011
posterior-294,tree.2470000.7161.259922,posterior.trees,,sample,bayesian,substitutions,Dunn2011
posterior-295,tree.2475000.7159.301256,posterior.trees,,sample,bayesian,substitutions,Dunn2011
posterior-296,tree.2480000.7146.087168,posterior.trees,,sample,bayesian,substitutions,Dunn2011
posterior-297,tree.2485000.7151.043910,posterior.trees,,sample,bayesian,substitutions,Dunn2011
posterior-298,tree.2490000.7151.286826,posterior.trees,,sample,bayesian,substitutions,Dunn2011
posterior-299,tree.2495000.7155.448117,posterior.trees,,sample,bayesian,substitutions,Dunn2011
posterior-300,tree.2500000.7151.422588,posterior.trees,,sample,bayesian,substitutions,Dunn2011
posterior-301,tree.2505000.7148.133021,posterior.trees,,sample,bayesian,substitutions,Dunn2011
posterior-302,tree.2510000.7153.706084,posterior.trees,,sample,bayesian,substitutions,Dunn2011
posterior-303,tree.2515000.7158.358540,posterior.trees,,sample,bayesian,substitutions,Dunn2011
posterior-304,tree.2520000.7150.389020,posterior.trees,,sample,bayesian,substitutions,Dunn2011
posterior-305,tree.2525000.7164.111345,posterior.trees,,sample,bayesian,substitutions,Dunn2011
posterior-306,tree.2530000.7148.815467,posterior.trees,,sample,bayesian,substitutions,Dunn2011
posterior-307,tree.2535000.7164.698944,posterior.trees,,sample,bayesian,substitutions,Dunn2011
posterior-308,tree.2540000.7151.314883,posterior.trees,,sample,bayesian,substitutions,Dunn2011
posterior-309,tree.2545000.7155.744487,posterior.trees,,sample,bayesian,substitutions,Dunn2011
posterior-310,tree.2550000.7141.052218,posterior.trees,,sample,bayesian,substitutions,Dunn2011
posterior-311,tree.2555000.7151.382441,posterior.trees,,sample,bayesian,substitutions,Dunn2011
posterior-312,tree.2560000.7152.204850,posterior.trees,,sample,bayesian,substitutions,Dunn2011
posterior-313,tree.2565000.7146.465828,posterior.trees,,sample,bayesian,substitutions,Dunn2011
posterior-314,tree.2570000.7144.458690,posterior.trees,,sample,bayesian,substitutions,Dunn2011
posterior-315,tree.2575000.7163.542991,posterior.trees,,sample,bayesian,substitutions,Dunn2011
posterior-316,tree.2580000.7155.277901,posterior.trees,,sample,bayesian,substitutions,Dunn2011
posterior-317,tree.2585000.7154.147555,posterior.trees,,sample,bayesian,substitutions,Dunn2011
posterior-318,tree.2590000.7148.952569,posterior.trees,,sample,bayesian,substitutions,Dunn2011
posterior-319,tree.2595000.7145.831235,posterior.trees,,sample,bayesian,substitutions,Dunn2011
posterior-320,tree.2600000.7151.232281,posterior.trees,,sample,bayesian,substitutions,Dunn2011
posterior-321,tree.2605000.7155.264963,posterior.trees,,sample,bayesian,substitutions,Dunn2011
posterior-322,tree.2610000.7150.729321,posterior.trees,,sample,bayesian,substitutions,Dunn2011
posterior-323,tree.2615000.7153.046953,posterior.trees,,sample,bayesian,substitutions,Dunn2011
posterior-324,tree.2620000.7152.338798,posterior.trees,,sample,bayesian,substitutions,Dunn2011
posterior-325,tree.2625000.7148.341936,posterior.trees,,sample,bayesian,substitutions,Dunn2011
posterior-326,tree.2630000.7146.035061,posterior.trees,,sample,bayesian,substitutions,Dunn2011
posterior-327,tree.2635000.7145.621739,posterior.trees,,sample,bayesian,substitutions,Dunn2011
posterior-328,tree.2640000.7161.036153,posterior.trees,,sample,bayesian,substitutions,Dunn2011
posterior-329,tree.2645000.7161.583700,posterior.trees,,sample,bayesian,substitutions,Dunn2011
posterior-330,tree.2650000.7161.939768,posterior.trees,,sample,bayesian,substitutions,Dunn2011
posterior-331,tree.2655000.7146.315140,posterior.trees,,sample,bayesian,substitutions,Dunn2011
posterior-332,tree.2660000.7146.009547,posterior.trees,,sample,bayesian,substitutions,Dunn2011
posterior-333,tree.2665000.7145.438948,posterior.trees,,sample,bayesian,substitutions,Dunn2011
posterior-334,tree.2670000.7153.892429,posterior.trees,,sample,bayesian,substitutions,Dunn2011
posterior-335,tree.2675000.7144.039895,posterior.trees,,sample,bayesian,substitutions,Dunn2011
posterior-336,tree.2680000.7154.516698,posterior.trees,,sample,bayesian,substitutions,Dunn2011
posterior-337,tree.2685000.7153.022712,posterior.trees,,sample,bayesian,substitutions,Dunn2011
posterior-338,tree.2690000.7145.700626,posterior.trees,,sample,bayesian,substitutions,Dunn2011
posterior-339,tree.2695000.7152.508986,posterior.trees,,sample,bayesian,substitutions,Dunn2011
posterior-340,tree.2700000.7144.058272,posterior.trees,,sample,bayesian,substitutions,Dunn2011
posterior-341,tree.2705000.7149.886728,posterior.trees,,sample,bayesian,substitutions,Dunn2011
posterior-342,tree.2710000.7154.824432,posterior.trees,,sample,bayesian,substitutions,Dunn2011
posterior-343,tree.2715000.7167.659301,posterior.trees,,sample,bayesian,substitutions,Dunn2011
posterior-344,tree.2720000.7160.719921,posterior.trees,,sample,bayesian,substitutions,Dunn2011
posterior-345,tree.2725000.7152.218896,posterior.trees,,sample,bayesian,substitutions,Dunn2011
posterior-346,tree.2730000.7154.493003,posterior.trees,,sample,bayesian,substitutions,Dunn2011
posterior-347,tree.2735000.7159.800236,posterior.trees,,sample,bayesian,substitutions,Dunn2011
posterior-348,tree.2740000.7154.918974,posterior.trees,,sample,bayesian,substitutions,Dunn2011
posterior-349,tree.2745000.7154.253024,posterior.trees,,sample,bayesian,substitutions,Dunn2011
posterior-350,tree.2750000.7155.383648,posterior.trees,,sample,bayesian,substitutions,Dunn2011
posterior-351,tree.2755000.7154.876633,posterior.trees,,sample,bayesian,substitutions,Dunn2011
posterior-352,tree.2760000.7148.003618,posterior.trees,,sample,bayesian,substitutions,Dunn2011
posterior-353,tree.2765000.7144.702492,posterior.trees,,sample,bayesian,substitutions,Dunn2011
posterior-354,tree.2770000.7156.345672,posterior.trees,,sample,bayesian,substitutions,Dunn2011
posterior-355,tree.2775000.7153.452855,posterior.trees,,sample,bayesian,substitutions,Dunn2011
posterior-356,tree.2780000.7149.872559,posterior.trees,,sample,bayesian,substitutions,Dunn2011
posterior-357,tree.2785000.7152.577882,posterior.trees,,sample,bayesian,substitutions,Dunn2011
posterior-358,tree.2790000.7156.393640,posterior.trees,,sample,bayesian,substitutions,Dunn2011
posterior-359,tree.2795000.7144.059269,posterior.trees,,sample,bayesian,substitutions,Dunn2011
posterior-360,tree.2800000.7155.351297,posterior.trees,,sample,bayesian,substitutions,Dunn2011
posterior-361,tree.2805000.7152.998557,posterior.trees,,sample,bayesian,substitutions,Dunn2011
posterior-362,tree.2810000.7163.121510,posterior.trees,,sample,bayesian,substitutions,Dunn2011
posterior-363,tree.2815000.7162.396665,posterior.trees,,sample,bayesian,substitutions,Dunn2011
posterior-364,tree.2820000.7150.124445,posterior.trees,,sample,bayesian,substitutions,Dunn2011
posterior-365,tree.2825000.7157.267996,posterior.trees,,sample,bayesian,substitutions,Dunn2011
posterior-366,tree.2830000.7158.496969,posterior.trees,,sample,bayesian,substitutions,Dunn2011
posterior-367,tree.2835000.7153.378244,posterior.trees,,sample,bayesian,substitutions,Dunn2011
posterior-368,tree.2840000.7158.500416,posterior.trees,,sample,bayesian,substitutions,Dunn2011
posterior-369,tree.2845000.7160.154190,posterior.trees,,sample,bayesian,substitutions,Dunn2011
posterior-370,tree.2850000.7153.477404,posterior.trees,,sample,bayesian,substitutions,Dunn2011
posterior-371,tree.2855000.7155.254972,posterior.trees,,sample,bayesian,substitutions,Dunn2011
posterior-372,tree.2860000.7160.760003,posterior.trees,,sample,bayesian,substitutions,Dunn2011
posterior-373,tree.2865000.7160.511055,posterior.trees,,sample,bayesian,substitutions,Dunn2011
posterior-374,tree.2870000.7156.823704,posterior.trees,,sample,bayesian,substitutions,Dunn2011
posterior-375,tree.2875000.7149.808072,posterior.trees,,sample,bayesian,substitutions,Dunn2011
posterior-376,tree.2880000.7150.689097,posterior.trees,,sample,bayesian,substitutions,Dunn2011
posterior-377,tree.2885000.7151.471049,posterior.trees,,sample,bayesian,substitutions,Dunn2011
posterior-378,tree.2890000.7151.647826,posterior.trees,,sample,bayesian,substitutions,Dunn2011
posterior-379,tree.2895000.7150.957021,posterior.trees,,sample,bayesian,substitutions,Dunn2011
posterior-380,tree.2900000.7151.518217,posterior.trees,,sample,bayesian,substitutions,Dunn2011
posterior-381,tree.2905000.7155.533310,posterior.trees,,sample,bayesian,substitutions,Dunn2011
posterior-382,tree.2910000.7157.384266,posterior.trees,,sample,bayesian,substitutions,Dunn2011
posterior-383,tree.2915000.7150.496082,posterior.trees,,sample,bayesian,substitutions,Dunn2011
posterior-384,tree.2920000.7159.018032,posterior.trees,,sample,bayesian,substitutions,Dunn2011
posterior-385,tree.2925000.7147.289286,posterior.trees,,sample,bayesian,substitutions,Dunn2011
posterior-386,tree.2930000.7152.627471,posterior.trees,,sample,bayesian,substitutions,Dunn2011
posterior-387,tree.2935000.7155.577964,posterior.trees,,sample,bayesian,substitutions,Dunn2011
posterior-388,tree.2940000.7158.223180,posterior.trees,,sample,bayesian,substitutions,Dunn2011
posterior-389,tree.2945000.7150.851342,posterior.trees,,sample,bayesian,substitutions,Dunn2011
posterior-390,tree.2950000.7142.428890,posterior.trees,,sample,bayesian,substitutions,Dunn2011
posterior-391,tree.2955000.7146.527978,posterior.trees,,sample,bayesian,substitutions,Dunn2011
posterior-392,tree.2960000.7154.199195,posterior.trees,,sample,bayesian,substitutions,Dunn2011
posterior-393,tree.2965000.7154.145582,posterior.trees,,sample,bayesian,substitutions,Dunn2011
posterior-394,tree.2970000.7146.567246,posterior.trees,,sample,bayesian,substitutions,Dunn2011
posterior-395,tree.2975000.7145.842930,posterior.trees,,sample,bayesian,substitutions,Dunn2011
posterior-396,tree.2980000.7168.686826,posterior.trees,,sample,bayesian,substitutions,Dunn2011
posterior-397,tree.2985000.7154.031459,posterior.trees,,sample,bayesian,substitutions,Dunn2011
posterior-398,tree.2990000.7152.331608,posterior.trees,,sample,bayesian,substitutions,Dunn2011
posterior-399,tree.2995000.7154.004202,posterior.trees,,sample,bayesian,substitutions,Dunn2011
posterior-400,tree.3000000.7149.122214,posterior.trees,,sample,bayesian,substitutions,Dunn2011
posterior-401,tree.3005000.7146.655871,posterior.trees,,sample,bayesian,substitutions,Dunn2011
posterior-402,tree.3010000.7147.236756,posterior.trees,,sample,bayesian,substitutions,Dunn2011
posterior-403,tree.3015000.7152.562376,posterior.trees,,sample,bayesian,substitutions,Dunn2011
posterior-404,tree.3020000.7155.424927,posterior.trees,,sample,bayesian,substitutions,Dunn2011
posterior-405,tree.3025000.7158.546761,posterior.trees,,sample,bayesian,substitutions,Dunn2011
posterior-406,tree.3030000.7149.179219,posterior.trees,,sample,bayesian,substitutions,Dunn2011
posterior-407,tree.3035000.7141.906171,posterior.trees,,sample,bayesian,substitutions,Dunn2011
posterior-408,tree.3040000.7159.159162,posterior.trees,,sample,bayesian,substitutions,Dunn2011
posterior-409,tree.3045000.7155.603127,posterior.trees,,sample,bayesian,substitutions,Dunn2011
posterior-410,tree.3050000.7152.188281,posterior.trees,,sample,bayesian,substitutions,Dunn2011
posterior-411,tree.3055000.7152.815885,posterior.trees,,sample,bayesian,substitutions,Dunn2011
posterior-412,tree.3060000.7142.211704,posterior.trees,,sample,bayesian,substitutions,Dunn2011
posterior-413,tree.3065000.7148.743110,posterior.trees,,sample,bayesian,substitutions,Dunn2011
posterior-414,tree.3070000.7152.746938,posterior.trees,,sample,bayesian,substitutions,Dunn2011
posterior-415,tree.3075000.7160.955418,posterior.trees,,sample,bayesian,substitutions,Dunn2011
posterior-416,tree.3080000.7154.338229,posterior.trees,,sample,bayesian,substitutions,Dunn2011
posterior-417,tree.3085000.7154.911437,posterior.trees,,sample,bayesian,substitutions,Dunn2011
posterior-418,tree.3090000.7157.750501,posterior.trees,,sample,bayesian,substitutions,Dunn2011
posterior-419,tree.3095000.7147.176813,posterior.trees,,sample,bayesian,substitutions,Dunn2011
posterior-420,tree.3100000.7151.485179,posterior.trees,,sample,bayesian,substitutions,Dunn2011
posterior-421,tree.3105000.7147.121738,posterior.trees,,sample,bayesian,substitutions,Dunn2011
posterior-422,tree.3110000.7152.715031,posterior.trees,,sample,bayesian,substitutions,Dunn2011
posterior-423,tree.3115000.7157.796167,posterior.trees,,sample,bayesian,substitutions,Dunn2011
posterior-424,tree.3120000.7157.379639,posterior.trees,,sample,bayesian,substitutions,Dunn2011
posterior-425,tree.3125000.7158.275171,posterior.trees,,sample,bayesian,substitutions,Dunn2011
posterior-426,tree.3130000.7148.585194,posterior.trees,,sample,bayesian,substitutions,Dunn2011
posterior-427,tree.3135000.7152.420759,posterior.trees,,sample,bayesian,substitutions,Dunn2011
posterior-428,tree.3140000.7152.300167,posterior.trees,,sample,bayesian,substitutions,Dunn2011
posterior-429,tree.3145000.7141.752507,posterior.trees,,sample,bayesian,substitutions,Dunn2011
posterior-430,tree.3150000.7152.944964,posterior.trees,,sample,bayesian,substitutions,Dunn2011
posterior-431,tree.3155000.7147.021332,posterior.trees,,sample,bayesian,substitutions,Dunn2011
posterior-432,tree.3160000.7158.078062,posterior.trees,,sample,bayesian,substitutions,Dunn2011
posterior-433,tree.3165000.7168.574589,posterior.trees,,sample,bayesian,substitutions,Dunn2011
posterior-434,tree.3170000.7155.640447,posterior.trees,,sample,bayesian,substitutions,Dunn2011
posterior-435,tree.3175000.7159.705180,posterior.trees,,sample,bayesian,substitutions,Dunn2011
posterior-436,tree.3180000.7159.417564,posterior.trees,,sample,bayesian,substitutions,Dunn2011
posterior-437,tree.3185000.7156.105327,posterior.trees,,sample,bayesian,substitutions,Dunn2011
posterior-438,tree.3190000.7140.333802,posterior.trees,,sample,bayesian,substitutions,Dunn2011
posterior-439,tree.3195000.7146.569471,posterior.trees,,sample,bayesian,substitutions,Dunn2011
posterior-440,tree.3200000.7151.459386,posterior.trees,,sample,bayesian,substitutions,Dunn2011
posterior-441,tree.3205000.7155.668610,posterior.trees,,sample,bayesian,substitutions,Dunn2011
posterior-442,tree.3210000.7153.716603,posterior.trees,,sample,bayesian,substitutions,Dunn2011
posterior-443,tree.3215000.7157.980715,posterior.trees,,sample,bayesian,substitutions,Dunn2011
posterior-444,tree.3220000.7150.348861,posterior.trees,,sample,bayesian,substitutions,Dunn2011
posterior-445,tree.3225000.7141.965105,posterior.trees,,sample,bayesian,substitutions,Dunn2011
posterior-446,tree.3230000.7157.747976,posterior.trees,,sample,bayesian,substitutions,Dunn2011
posterior-447,tree.3235000.7147.015066,posterior.trees,,sample,bayesian,substitutions,Dunn2011
posterior-448,tree.3240000.7141.117904,posterior.trees,,sample,bayesian,substitutions,Dunn2011
posterior-449,tree.3245000.7147.577535,posterior.trees,,sample,bayesian,substitutions,Dunn2011
posterior-450,tree.3250000.7138.585387,posterior.trees,,sample,bayesian,substitutions,Dunn2011
posterior-451,tree.3255000.7151.011310,posterior.trees,,sample,bayesian,substitutions,Dunn2011
posterior-452,tree.3260000.7147.929922,posterior.trees,,sample,bayesian,substitutions,Dunn2011
posterior-453,tree.3265000.7146.678214,posterior.trees,,sample,bayesian,substitutions,Dunn2011
posterior-454,tree.3270000.7143.658472,posterior.trees,,sample,bayesian,substitutions,Dunn2011
posterior-455,tree.3275000.7155.814371,posterior.trees,,sample,bayesian,substitutions,Dunn2011
posterior-456,tree.3280000.7156.373526,posterior.trees,,sample,bayesian,substitutions,Dunn2011
posterior-457,tree.3285000.7151.380157,posterior.trees,,sample,bayesian,substitutions,Dunn2011
posterior-458,tree.3290000.7151.569593,posterior.trees,,sample,bayesian,substitutions,Dunn2011
posterior-459,tree.3295000.7156.157820,posterior.trees,,sample,bayesian,substitutions,Dunn2011
posterior-460,tree.3300000.7159.743558,posterior.trees,,sample,bayesian,substitutions,Dunn2011
posterior-461,tree.3305000.7166.005037,posterior.trees,,sample,bayesian,substitutions,Dunn2011
posterior-462,tree.3310000.7156.372623,posterior.trees,,sample,bayesian,substitutions,Dunn2011
posterior-463,tree.3315000.7150.559239,posterior.trees,,sample,bayesian,substitutions,Dunn2011
posterior-464,tree.3320000.7152.035589,posterior.trees,,sample,bayesian,substitutions,Dunn2011
posterior-465,tree.3325000.7140.786297,posterior.trees,,sample,bayesian,substitutions,Dunn2011
posterior-466,tree.3330000.7144.198140,posterior.trees,,sample,bayesian,substitutions,Dunn2011
posterior-467,tree.3335000.7145.255265,posterior.trees,,sample,bayesian,substitutions,Dunn2011
posterior-468,tree.3340000.7150.921319,posterior.trees,,sample,bayesian,substitutions,Dunn2011
posterior-469,tree.3345000.7158.292897,posterior.trees,,sample,bayesian,substitutions,Dunn2011
posterior-470,tree.3350000.7156.335916,posterior.trees,,sample,bayesian,substitutions,Dunn2011
posterior-471,tree.3355000.7149.074286,posterior.trees,,sample,bayesian,substitutions,Dunn2011
posterior-472,tree.3360000.7153.783184,posterior.trees,,sample,bayesian,substitutions,Dunn2011
posterior-473,tree.3365000.7146.955798,posterior.trees,,sample,bayesian,substitutions,Dunn2011
posterior-474,tree.3370000.7161.608482,posterior.trees,,sample,bayesian,substitutions,Dunn2011
posterior-475,tree.3375000.7159.298971,posterior.trees,,sample,bayesian,substitutions,Dunn2011
posterior-476,tree.3380000.7155.826621,posterior.trees,,sample,bayesian,substitutions,Dunn2011
posterior-477,tree.3385000.7153.788055,posterior.trees,,sample,bayesian,substitutions,Dunn2011
posterior-478,tree.3390000.7161.506049,posterior.trees,,sample,bayesian,substitutions,Dunn2011
posterior-479,tree.3395000.7150.385851,posterior.trees,,sample,bayesian,substitutions,Dunn2011
posterior-480,tree.3400000.7151.188717,posterior.trees,,sample,bayesian,substitutions,Dunn2011
posterior-481,tree.3405000.7152.133163,posterior.trees,,sample,bayesian,substitutions,Dunn2011
posterior-482,tree.3410000.7152.005114,posterior.trees,,sample,bayesian,substitutions,Dunn2011
posterior-483,tree.3415000.7156.390700,posterior.trees,,sample,bayesian,substitutions,Dunn2011
posterior-484,tree.3420000.7151.057455,posterior.trees,,sample,bayesian,substitutions,Dunn2011
posterior-485,tree.3425000.7151.821416,posterior.trees,,sample,bayesian,substitutions,Dunn2011
posterior-486,tree.3430000.7148.222318,posterior.trees,,sample,bayesian,substitutions,Dunn2011
posterior-487,tree.3435000.7148.973408,posterior.trees,,sample,bayesian,substitutions,Dunn2011
posterior-488,tree.3440000.7149.055359,posterior.trees,,sample,bayesian,substitutions,Dunn2011
posterior-489,tree.3445000.7166.299221,posterior.trees,,sample,bayesian,substitutions,Dunn2011
posterior-490,tree.3450000.7161.603624,posterior.trees,,sample,bayesian,substitutions,Dunn2011
posterior-491,tree.3455000.7159.096112,posterior.trees,,sample,bayesian,substitutions,Dunn2011
posterior-492,tree.3460000.7151.109888,posterior.trees,,sample,bayesian,substitutions,Dunn2011
posterior-493,tree.3465000.7148.266776,posterior.trees,,sample,bayesian,substitutions,Dunn2011
posterior-494,tree.3470000.7149.253414,posterior.trees,,sample,bayesian,substitutions,Dunn2011
posterior-495,tree.3475000.7145.838397,posterior.trees,,sample,bayesian,substitutions,Dunn2011
posterior-496,tree.3480000.7156.370874,posterior.trees,,sample,bayesian,substitutions,Dunn2011
posterior-497,tree.3485000.7156.365119,posterior.trees,,sample,bayesian,substitutions,Dunn2011
posterior-498,tree.3490000.7146.945165,posterior.trees,,sample,bayesian,substitutions,Dunn2011
posterior-499,tree.3495000.7141.186052,posterior.trees,,sample,bayesian,substitutions,Dunn2011
posterior-500,tree.3500000.7145.831799,posterior.trees,,sample,bayesian,substitutions,Dunn2011
posterior-501,tree.3505000.7150.302865,posterior.trees,,sample,bayesian,substitutions,Dunn2011
posterior-502,tree.3510000.7151.106288,posterior.trees,,sample,bayesian,substitutions,Dunn2011
posterior-503,tree.3515000.7164.555404,posterior.trees,,sample,bayesian,substitutions,Dunn2011
posterior-504,tree.3520000.7160.081337,posterior.trees,,sample,bayesian,substitutions,Dunn2011
posterior-505,tree.3525000.7152.597556,posterior.trees,,sample,bayesian,substitutions,Dunn2011
posterior-506,tree.3530000.7153.876023,posterior.trees,,sample,bayesian,substitutions,Dunn2011
posterior-507,tree.3535000.7145.476489,posterior.trees,,sample,bayesian,substitutions,Dunn2011
posterior-508,tree.3540000.7155.911489,posterior.trees,,sample,bayesian,substitutions,Dunn2011
posterior-509,tree.3545000.7151.052697,posterior.trees,,sample,bayesian,substitutions,Dunn2011
posterior-510,tree.3550000.7156.539682,posterior.trees,,sample,bayesian,substitutions,Dunn2011
posterior-511,tree.3555000.7150.237419,posterior.trees,,sample,bayesian,substitutions,Dunn2011
posterior-512,tree.3560000.7157.788590,posterior.trees,,sample,bayesian,substitutions,Dunn2011
posterior-513,tree.3565000.7145.395348,posterior.trees,,sample,bayesian,substitutions,Dunn2011
posterior-514,tree.3570000.7166.756787,posterior.trees,,sample,bayesian,substitutions,Dunn2011
posterior-515,tree.3575000.7158.335658,posterior.trees,,sample,bayesian,substitutions,Dunn2011
posterior-516,tree.3580000.7148.700578,posterior.trees,,sample,bayesian,substitutions,Dunn2011
posterior-517,tree.3585000.7161.130209,posterior.trees,,sample,bayesian,substitutions,Dunn2011
posterior-518,tree.3590000.7161.834405,posterior.trees,,sample,bayesian,substitutions,Dunn2011
posterior-519,tree.3595000.7161.153924,posterior.trees,,sample,bayesian,substitutions,Dunn2011
posterior-520,tree.3600000.7154.703626,posterior.trees,,sample,bayesian,substitutions,Dunn2011
posterior-521,tree.3605000.7155.965524,posterior.trees,,sample,bayesian,substitutions,Dunn2011
posterior-522,tree.3610000.7150.062781,posterior.trees,,sample,bayesian,substitutions,Dunn2011
posterior-523,tree.3615000.7153.307428,posterior.trees,,sample,bayesian,substitutions,Dunn2011
posterior-524,tree.3620000.7165.927637,posterior.trees,,sample,bayesian,substitutions,Dunn2011
posterior-525,tree.3625000.7151.886401,posterior.trees,,sample,bayesian,substitutions,Dunn2011
posterior-526,tree.3630000.7151.574685,posterior.trees,,sample,bayesian,substitutions,Dunn2011
posterior-527,tree.3635000.7151.800644,posterior.trees,,sample,bayesian,substitutions,Dunn2011
posterior-528,tree.3640000.7157.362070,posterior.trees,,sample,bayesian,substitutions,Dunn2011
posterior-529,tree.3645000.7150.654362,posterior.trees,,sample,bayesian,substitutions,Dunn2011
posterior-530,tree.3650000.7153.935374,posterior.trees,,sample,bayesian,substitutions,Dunn2011
posterior-531,tree.3655000.7155.924020,posterior.trees,,sample,bayesian,substitutions,Dunn2011
posterior-532,tree.3660000.7151.098883,posterior.trees,,sample,bayesian,substitutions,Dunn2011
posterior-533,tree.3665000.7147.742638,posterior.trees,,sample,bayesian,substitutions,Dunn2011
posterior-534,tree.3670000.7160.238496,posterior.trees,,sample,bayesian,substitutions,Dunn2011
posterior-535,tree.3675000.7158.557561,posterior.trees,,sample,bayesian,substitutions,Dunn2011
posterior-536,tree.3680000.7151.664017,posterior.trees,,sample,bayesian,substitutions,Dunn2011
posterior-537,tree.3685000.7154.002166,posterior.trees,,sample,bayesian,substitutions,Dunn2011
posterior-538,tree.3690000.7164.047570,posterior.trees,,sample,bayesian,substitutions,Dunn2011
posterior-539,tree.3695000.7157.820308,posterior.trees,,sample,bayesian,substitutions,Dunn2011
posterior-540,tree.3700000.7147.250716,posterior.trees,,sample,bayesian,substitutions,Dunn2011
posterior-541,tree.3705000.7159.068569,posterior.trees,,sample,bayesian,substitutions,Dunn2011
posterior-542,tree.3710000.7154.792139,posterior.trees,,sample,bayesian,substitutions,Dunn2011
posterior-543,tree.3715000.7153.417017,posterior.trees,,sample,bayesian,substitutions,Dunn2011
posterior-544,tree.3720000.7147.458467,posterior.trees,,sample,bayesian,substitutions,Dunn2011
posterior-545,tree.3725000.7155.149866,posterior.trees,,sample,bayesian,substitutions,Dunn2011
posterior-546,tree.3730000.7148.566717,posterior.trees,,sample,bayesian,substitutions,Dunn2011
posterior-547,tree.3735000.7148.109614,posterior.trees,,sample,bayesian,substitutions,Dunn2011
posterior-548,tree.3740000.7148.425716,posterior.trees,,sample,bayesian,substitutions,Dunn2011
posterior-549,tree.3745000.7161.544141,posterior.trees,,sample,bayesian,substitutions,Dunn2011
posterior-550,tree.3750000.7162.136530,posterior.trees,,sample,bayesian,substitutions,Dunn2011
posterior-551,tree.3755000.7158.700309,posterior.trees,,sample,bayesian,substitutions,Dunn2011
posterior-552,tree.3760000.7168.474379,posterior.trees,,sample,bayesian,substitutions,Dunn2011
posterior-553,tree.3765000.7157.434941,posterior.trees,,sample,bayesian,substitutions,Dunn2011
posterior-554,tree.3770000.7156.317954,posterior.trees,,sample,bayesian,substitutions,Dunn2011
posterior-555,tree.3775000.7158.180706,posterior.trees,,sample,bayesian,substitutions,Dunn2011
posterior-556,tree.3780000.7162.941509,posterior.trees,,sample,bayesian,substitutions,Dunn2011
posterior-557,tree.3785000.7156.647828,posterior.trees,,sample,bayesian,substitutions,Dunn2011
posterior-558,tree.3790000.7161.180251,posterior.trees,,sample,bayesian,substitutions,Dunn2011
posterior-559,tree.3795000.7148.069820,posterior.trees,,sample,bayesian,substitutions,Dunn2011
posterior-560,tree.3800000.7148.684040,posterior.trees,,sample,bayesian,substitutions,Dunn2011
posterior-561,tree.3805000.7149.699363,posterior.trees,,sample,bayesian,substitutions,Dunn2011
posterior-562,tree.3810000.7150.697327,posterior.trees,,sample,bayesian,substitutions,Dunn2011
posterior-563,tree.3815000.7142.519650,posterior.trees,,sample,bayesian,substitutions,Dunn2011
posterior-564,tree.3820000.7151.720267,posterior.trees,,sample,bayesian,substitutions,Dunn2011
posterior-565,tree.3825000.7144.502874,posterior.trees,,sample,bayesian,substitutions,Dunn2011
posterior-566,tree.3830000.7155.044217,posterior.trees,,sample,bayesian,substitutions,Dunn2011
posterior-567,tree.3835000.7155.455434,posterior.trees,,sample,bayesian,substitutions,Dunn2011
posterior-568,tree.3840000.7149.675005,posterior.trees,,sample,bayesian,substitutions,Dunn2011
posterior-569,tree.3845000.7143.354056,posterior.trees,,sample,bayesian,substitutions,Dunn2011
posterior-570,tree.3850000.7144.714188,posterior.trees,,sample,bayesian,substitutions,Dunn2011
posterior-571,tree.3855000.7151.089051,posterior.trees,,sample,bayesian,substitutions,Dunn2011
posterior-572,tree.3860000.7145.339662,posterior.trees,,sample,bayesian,substitutions,Dunn2011
posterior-573,tree.3865000.7148.745349,posterior.trees,,sample,bayesian,substitutions,Dunn2011
posterior-574,tree.3870000.7152.978433,posterior.trees,,sample,bayesian,substitutions,Dunn2011
posterior-575,tree.3875000.7159.202853,posterior.trees,,sample,bayesian,substitutions,Dunn2011
posterior-576,tree.3880000.7154.828061,posterior.trees,,sample,bayesian,substitutions,Dunn2011
posterior-577,tree.3885000.7152.374581,posterior.trees,,sample,bayesian,substitutions,Dunn2011
posterior-578,tree.3890000.7149.069543,posterior.trees,,sample,bayesian,substitutions,Dunn2011
posterior-579,tree.3895000.7153.368738,posterior.trees,,sample,bayesian,substitutions,Dunn2011
posterior-580,tree.3900000.7161.957663,posterior.trees,,sample,bayesian,substitutions,Dunn2011
posterior-581,tree.3905000.7148.515070,posterior.trees,,sample,bayesian,substitutions,Dunn2011
posterior-582,tree.3910000.7157.932939,posterior.trees,,sample,bayesian,substitutions,Dunn2011
posterior-583,tree.3915000.7150.133278,posterior.trees,,sample,bayesian,substitutions,Dunn2011
posterior-584,tree.3920000.7167.272862,posterior.trees,,sample,bayesian,substitutions,Dunn2011
posterior-585,tree.3925000.7159.421246,posterior.trees,,sample,bayesian,substitutions,Dunn2011
posterior-586,tree.3930000.7162.801764,posterior.trees,,sample,bayesian,substitutions,Dunn2011
posterior-587,tree.3935000.7153.246165,posterior.trees,,sample,bayesian,substitutions,Dunn2011
posterior-588,tree.3940000.7153.033714,posterior.trees,,sample,bayesian,substitutions,Dunn2011
posterior-589,tree.3945000.7145.344430,posterior.trees,,sample,bayesian,substitutions,Dunn2011
posterior-590,tree.3950000.7154.688184,posterior.trees,,sample,bayesian,substitutions,Dunn2011
posterior-591,tree.3955000.7151.316088,posterior.trees,,sample,bayesian,substitutions,Dunn2011
posterior-592,tree.3960000.7144.727572,posterior.trees,,sample,bayesian,substitutions,Dunn2011
posterior-593,tree.3965000.7151.447933,posterior.trees,,sample,bayesian,substitutions,Dunn2011
posterior-594,tree.3970000.7159.716657,posterior.trees,,sample,bayesian,substitutions,Dunn2011
posterior-595,tree.3975000.7153.056163,posterior.trees,,sample,bayesian,substitutions,Dunn2011
posterior-596,tree.3980000.7150.661751,posterior.trees,,sample,bayesian,substitutions,Dunn2011
posterior-597,tree.3985000.7137.377197,posterior.trees,,sample,bayesian,substitutions,Dunn2011
posterior-598,tree.3990000.7160.875120,posterior.trees,,sample,bayesian,substitutions,Dunn2011
posterior-599,tree.3995000.7148.123164,posterior.trees,,sample,bayesian,substitutions,Dunn2011
posterior-600,tree.4000000.7145.716589,posterior.trees,,sample,bayesian,substitutions,Dunn2011
posterior-601,tree.4005000.7144.831773,posterior.trees,,sample,bayesian,substitutions,Dunn2011
posterior-602,tree.4010000.7158.932879,posterior.trees,,sample,bayesian,substitutions,Dunn2011
posterior-603,tree.4015000.7156.545742,posterior.trees,,sample,bayesian,substitutions,Dunn2011
posterior-604,tree.4020000.7167.579008,posterior.trees,,sample,bayesian,substitutions,Dunn2011
posterior-605,tree.4025000.7152.587115,posterior.trees,,sample,bayesian,substitutions,Dunn2011
posterior-606,tree.4030000.7144.524702,posterior.trees,,sample,bayesian,substitutions,Dunn2011
posterior-607,tree.4035000.7146.579476,posterior.trees,,sample,bayesian,substitutions,Dunn2011
posterior-608,tree.4040000.7147.544320,posterior.trees,,sample,bayesian,substitutions,Dunn2011
posterior-609,tree.4045000.7151.411015,posterior.trees,,sample,bayesian,substitutions,Dunn2011
posterior-610,tree.4050000.7147.787271,posterior.trees,,sample,bayesian,substitutions,Dunn2011
posterior-611,tree.4055000.7150.568782,posterior.trees,,sample,bayesian,substitutions,Dunn2011
posterior-612,tree.4060000.7150.424870,posterior.trees,,sample,bayesian,substitutions,Dunn2011
posterior-613,tree.4065000.7154.406749,posterior.trees,,sample,bayesian,substitutions,Dunn2011
posterior-614,tree.4070000.7149.518574,posterior.trees,,sample,bayesian,substitutions,Dunn2011
posterior-615,tree.4075000.7154.702631,posterior.trees,,sample,bayesian,substitutions,Dunn2011
posterior-616,tree.4080000.7151.417652,posterior.trees,,sample,bayesian,substitutions,Dunn2011
posterior-617,tree.4085000.7153.138423,posterior.trees,,sample,bayesian,substitutions,Dunn2011
posterior-618,tree.4090000.7157.636053,posterior.trees,,sample,bayesian,substitutions,Dunn2011
posterior-619,tree.4095000.7146.767261,posterior.trees,,sample,bayesian,substitutions,Dunn2011
posterior-620,tree.4100000.7151.686970,posterior.trees,,sample,bayesian,substitutions,Dunn2011
posterior-621,tree.4105000.7156.038894,posterior.trees,,sample,bayesian,substitutions,Dunn2011
posterior-622,tree.4110000.7150.016476,posterior.trees,,sample,bayesian,substitutions,Dunn2011
posterior-623,tree.4115000.7153.011231,posterior.trees,,sample,bayesian,substitutions,Dunn2011
posterior-624,tree.4120000.7150.249511,posterior.trees,,sample,bayesian,substitutions,Dunn2011
posterior-625,tree.4125000.7151.408780,posterior.trees,,sample,bayesian,substitutions,Dunn2011
posterior-626,tree.4130000.7149.732607,posterior.trees,,sample,bayesian,substitutions,Dunn2011
posterior-627,tree.4135000.7165.851974,posterior.trees,,sample,bayesian,substitutions,Dunn2011
posterior-628,tree.4140000.7151.539740,posterior.trees,,sample,bayesian,substitutions,Dunn2011
posterior-629,tree.4145000.7160.421418,posterior.trees,,sample,bayesian,substitutions,Dunn2011
posterior-630,tree.4150000.7167.047083,posterior.trees,,sample,bayesian,substitutions,Dunn2011
posterior-631,tree.4155000.7160.178836,posterior.trees,,sample,bayesian,substitutions,Dunn2011
posterior-632,tree.4160000.7148.836156,posterior.trees,,sample,bayesian,substitutions,Dunn2011
posterior-633,tree.4165000.7152.920891,posterior.trees,,sample,bayesian,substitutions,Dunn2011
posterior-634,tree.4170000.7156.462194,posterior.trees,,sample,bayesian,substitutions,Dunn2011
posterior-635,tree.4175000.7150.001238,posterior.trees,,sample,bayesian,substitutions,Dunn2011
posterior-636,tree.4180000.7158.562338,posterior.trees,,sample,bayesian,substitutions,Dunn2011
posterior-637,tree.4185000.7148.191362,posterior.trees,,sample,bayesian,substitutions,Dunn2011
posterior-638,tree.4190000.7155.060729,posterior.trees,,sample,bayesian,substitutions,Dunn2011
posterior-639,tree.4195000.7153.439865,posterior.trees,,sample,bayesian,substitutions,Dunn2011
posterior-640,tree.4200000.7144.481801,posterior.trees,,sample,bayesian,substitutions,Dunn2011
posterior-641,tree.4205000.7140.242417,posterior.trees,,sample,bayesian,substitutions,Dunn2011
posterior-642,tree.4210000.7151.578447,posterior.trees,,sample,bayesian,substitutions,Dunn2011
posterior-643,tree.4215000.7158.179533,posterior.trees,,sample,bayesian,substitutions,Dunn2011
posterior-644,tree.4220000.7151.355365,posterior.trees,,sample,bayesian,substitutions,Dunn2011
posterior-645,tree.4225000.7156.308209,posterior.trees,,sample,bayesian,substitutions,Dunn2011
posterior-646,tree.4230000.7161.302342,posterior.trees,,sample,bayesian,substitutions,Dunn2011
posterior-647,tree.4235000.7153.559654,posterior.trees,,sample,bayesian,substitutions,Dunn2011
posterior-648,tree.4240000.7162.203992,posterior.trees,,sample,bayesian,substitutions,Dunn2011
posterior-649,tree.4245000.7161.437190,posterior.trees,,sample,bayesian,substitutions,Dunn2011
posterior-650,tree.4250000.7147.427957,posterior.trees,,sample,bayesian,substitutions,Dunn2011
posterior-651,tree.4255000.7160.059142,posterior.trees,,sample,bayesian,substitutions,Dunn2011
posterior-652,tree.4260000.7147.669851,posterior.trees,,sample,bayesian,substitutions,Dunn2011
posterior-653,tree.4265000.7147.917248,posterior.trees,,sample,bayesian,substitutions,Dunn2011
posterior-654,tree.4270000.7144.237260,posterior.trees,,sample,bayesian,substitutions,Dunn2011
posterior-655,tree.4275000.7138.327459,posterior.trees,,sample,bayesian,substitutions,Dunn2011
posterior-656,tree.4280000.7144.007474,posterior.trees,,sample,bayesian,substitutions,Dunn2011
posterior-657,tree.4285000.7154.072370,posterior.trees,,sample,bayesian,substitutions,Dunn2011
posterior-658,tree.4290000.7150.160623,posterior.trees,,sample,bayesian,substitutions,Dunn2011
posterior-659,tree.4295000.7162.386284,posterior.trees,,sample,bayesian,substitutions,Dunn2011
posterior-660,tree.4300000.7153.658737,posterior.trees,,sample,bayesian,substitutions,Dunn2011
posterior-661,tree.4305000.7141.783293,posterior.trees,,sample,bayesian,substitutions,Dunn2011
posterior-662,tree.4310000.7151.014528,posterior.trees,,sample,bayesian,substitutions,Dunn2011
posterior-663,tree.4315000.7159.791070,posterior.trees,,sample,bayesian,substitutions,Dunn2011
posterior-664,tree.4320000.7160.457199,posterior.trees,,sample,bayesian,substitutions,Dunn2011
posterior-665,tree.4325000.7162.744274,posterior.trees,,sample,bayesian,substitutions,Dunn2011
posterior-666,tree.4330000.7154.791982,posterior.trees,,sample,bayesian,substitutions,Dunn2011
posterior-667,tree.4335000.7158.223832,posterior.trees,,sample,bayesian,substitutions,Dunn2011
posterior-668,tree.4340000.7150.371043,posterior.trees,,sample,bayesian,substitutions,Dunn2011
posterior-669,tree.4345000.7155.884294,posterior.trees,,sample,bayesian,substitutions,Dunn2011
posterior-670,tree.4350000.7147.068231,posterior.trees,,sample,bayesian,substitutions,Dunn2011
posterior-671,tree.4355000.7147.791510,posterior.trees,,sample,bayesian,substitutions,Dunn2011
posterior-672,tree.4360000.7155.028505,posterior.trees,,sample,bayesian,substitutions,Dunn2011
posterior-673,tree.4365000.7151.536166,posterior.trees,,sample,bayesian,substitutions,Dunn2011
posterior-674,tree.4370000.7154.422475,posterior.trees,,sample,bayesian,substitutions,Dunn2011
posterior-675,tree.4375000.7148.174839,posterior.trees,,sample,bayesian,substitutions,Dunn2011
posterior-676,tree.4380000.7148.793910,posterior.trees,,sample,bayesian,substitutions,Dunn2011
posterior-677,tree.4385000.7151.339342,posterior.trees,,sample,bayesian,substitutions,Dunn2011
posterior-678,tree.4390000.7156.284671,posterior.trees,,sample,bayesian,substitutions,Dunn2011
posterior-679,tree.4395000.7152.477687,posterior.trees,,sample,bayesian,substitutions,Dunn2011
posterior-680,tree.4400000.7150.545167,posterior.trees,,sample,bayesian,substitutions,Dunn2011
posterior-681,tree.4405000.7165.831704,posterior.trees,,sample,bayesian,substitutions,Dunn2011
posterior-682,tree.4410000.7154.381803,posterior.trees,,sample,bayesian,substitutions,Dunn2011
posterior-683,tree.4415000.7153.570200,posterior.trees,,sample,bayesian,substitutions,Dunn2011
posterior-684,tree.4420000.7149.239816,posterior.trees,,sample,bayesian,substitutions,Dunn2011
posterior-685,tree.4425000.7151.576710,posterior.trees,,sample,bayesian,substitutions,Dunn2011
posterior-686,tree.4430000.7170.976173,posterior.trees,,sample,bayesian,substitutions,Dunn2011
posterior-687,tree.4435000.7156.532079,posterior.trees,,sample,bayesian,substitutions,Dunn2011
posterior-688,tree.4440000.7160.606179,posterior.trees,,sample,bayesian,substitutions,Dunn2011
posterior-689,tree.4445000.7159.573951,posterior.trees,,sample,bayesian,substitutions,Dunn2011
posterior-690,tree.4450000.7162.979294,posterior.trees,,sample,bayesian,substitutions,Dunn2011
posterior-691,tree.4455000.7151.290144,posterior.trees,,sample,bayesian,substitutions,Dunn2011
posterior-692,tree.4460000.7152.802019,posterior.trees,,sample,bayesian,substitutions,Dunn2011
posterior-693,tree.4465000.7141.958669,posterior.trees,,sample,bayesian,substitutions,Dunn2011
posterior-694,tree.4470000.7147.733711,posterior.trees,,sample,bayesian,substitutions,Dunn2011
posterior-695,tree.4475000.7150.374156,posterior.trees,,sample,bayesian,substitutions,Dunn2011
posterior-696,tree.4480000.7158.038242,posterior.trees,,sample,bayesian,substitutions,Dunn2011
posterior-697,tree.4485000.7160.345097,posterior.trees,,sample,bayesian,substitutions,Dunn2011
posterior-698,tree.4490000.7165.975596,posterior.trees,,sample,bayesian,substitutions,Dunn2011
posterior-699,tree.4495000.7161.505600,posterior.trees,,sample,bayesian,substitutions,Dunn2011
posterior-700,tree.4500000.7167.099305,posterior.trees,,sample,bayesian,substitutions,Dunn2011
posterior-701,tree.4505000.7164.765535,posterior.trees,,sample,bayesian,substitutions,Dunn2011
posterior-702,tree.4510000.7182.933543,posterior.trees,,sample,bayesian,substitutions,Dunn2011
posterior-703,tree.4515000.7150.670109,posterior.trees,,sample,bayesian,substitutions,Dunn2011
posterior-704,tree.4520000.7140.778838,posterior.trees,,sample,bayesian,substitutions,Dunn2011
posterior-705,tree.4525000.7140.687584,posterior.trees,,sample,bayesian,substitutions,Dunn2011
posterior-706,tree.4530000.7152.215520,posterior.trees,,sample,bayesian,substitutions,Dunn2011
posterior-707,tree.4535000.7153.593279,posterior.trees,,sample,bayesian,substitutions,Dunn2011
posterior-708,tree.4540000.7146.929101,posterior.trees,,sample,bayesian,substitutions,Dunn2011
posterior-709,tree.4545000.7149.753692,posterior.trees,,sample,bayesian,substitutions,Dunn2011
posterior-710,tree.4550000.7149.947851,posterior.trees,,sample,bayesian,substitutions,Dunn2011
posterior-711,tree.4555000.7156.622013,posterior.trees,,sample,bayesian,substitutions,Dunn2011
posterior-712,tree.4560000.7146.843261,posterior.trees,,sample,bayesian,substitutions,Dunn2011
posterior-713,tree.4565000.7156.791797,posterior.trees,,sample,bayesian,substitutions,Dunn2011
posterior-714,tree.4570000.7158.265332,posterior.trees,,sample,bayesian,substitutions,Dunn2011
posterior-715,tree.4575000.7148.818308,posterior.trees,,sample,bayesian,substitutions,Dunn2011
posterior-716,tree.4580000.7157.242714,posterior.trees,,sample,bayesian,substitutions,Dunn2011
posterior-717,tree.4585000.7155.233797,posterior.trees,,sample,bayesian,substitutions,Dunn2011
posterior-718,tree.4590000.7161.295757,posterior.trees,,sample,bayesian,substitutions,Dunn2011
posterior-719,tree.4595000.7164.003601,posterior.trees,,sample,bayesian,substitutions,Dunn2011
posterior-720,tree.4600000.7146.203131,posterior.trees,,sample,bayesian,substitutions,Dunn2011
posterior-721,tree.4605000.7155.604079,posterior.trees,,sample,bayesian,substitutions,Dunn2011
posterior-722,tree.4610000.7153.860269,posterior.trees,,sample,bayesian,substitutions,Dunn2011
posterior-723,tree.4615000.7147.000912,posterior.trees,,sample,bayesian,substitutions,Dunn2011
posterior-724,tree.4620000.7162.160923,posterior.trees,,sample,bayesian,substitutions,Dunn2011
posterior-725,tree.4625000.7151.059157,posterior.trees,,sample,bayesian,substitutions,Dunn2011
posterior-726,tree.4630000.7151.425090,posterior.trees,,sample,bayesian,substitutions,Dunn2011
posterior-727,tree.4635000.7169.915941,posterior.trees,,sample,bayesian,substitutions,Dunn2011
posterior-728,tree.4640000.7154.216317,posterior.trees,,sample,bayesian,substitutions,Dunn2011
posterior-729,tree.4645000.7148.850782,posterior.trees,,sample,bayesian,substitutions,Dunn2011
posterior-730,tree.4650000.7150.826193,posterior.trees,,sample,bayesian,substitutions,Dunn2011
posterior-731,tree.4655000.7150.101781,posterior.trees,,sample,bayesian,substitutions,Dunn2011
posterior-732,tree.4660000.7155.026111,posterior.trees,,sample,bayesian,substitutions,Dunn2011
posterior-733,tree.4665000.7156.149628,posterior.trees,,sample,bayesian,substitutions,Dunn2011
posterior-734,tree.4670000.7139.839962,posterior.trees,,sample,bayesian,substitutions,Dunn2011
posterior-735,tree.4675000.7145.266110,posterior.trees,,sample,bayesian,substitutions,Dunn2011
posterior-736,tree.4680000.7139.091573,posterior.trees,,sample,bayesian,substitutions,Dunn2011
posterior-737,tree.4685000.7153.821135,posterior.trees,,sample,bayesian,substitutions,Dunn2011
posterior-738,tree.4690000.7147.784102,posterior.trees,,sample,bayesian,substitutions,Dunn2011
posterior-739,tree.4695000.7144.712934,posterior.trees,,sample,bayesian,substitutions,Dunn2011
posterior-740,tree.4700000.7153.689610,posterior.trees,,sample,bayesian,substitutions,Dunn2011
posterior-741,tree.4705000.7147.475209,posterior.trees,,sample,bayesian,substitutions,Dunn2011
posterior-742,tree.4710000.7152.478403,posterior.trees,,sample,bayesian,substitutions,Dunn2011
posterior-743,tree.4715000.7163.931997,posterior.trees,,sample,bayesian,substitutions,Dunn2011
posterior-744,tree.4720000.7155.123858,posterior.trees,,sample,bayesian,substitutions,Dunn2011
posterior-745,tree.4725000.7152.760542,posterior.trees,,sample,bayesian,substitutions,Dunn2011
posterior-746,tree.4730000.7155.632392,posterior.trees,,sample,bayesian,substitutions,Dunn2011
posterior-747,tree.4735000.7153.904244,posterior.trees,,sample,bayesian,substitutions,Dunn2011
posterior-748,tree.4740000.7160.388017,posterior.trees,,sample,bayesian,substitutions,Dunn2011
posterior-749,tree.4745000.7146.062122,posterior.trees,,sample,bayesian,substitutions,Dunn2011
posterior-750,tree.4750000.7152.489042,posterior.trees,,sample,bayesian,substitutions,Dunn2011
posterior-751,tree.4755000.7152.877192,posterior.trees,,sample,bayesian,substitutions,Dunn2011
posterior-752,tree.4760000.7149.020936,posterior.trees,,sample,bayesian,substitutions,Dunn2011
posterior-753,tree.4765000.7163.721337,posterior.trees,,sample,bayesian,substitutions,Dunn2011
posterior-754,tree.4770000.7168.490127,posterior.trees,,sample,bayesian,substitutions,Dunn2011
posterior-755,tree.4775000.7156.396337,posterior.trees,,sample,bayesian,substitutions,Dunn2011
posterior-756,tree.4780000.7160.662892,posterior.trees,,sample,bayesian,substitutions,Dunn2011
posterior-757,tree.4785000.7147.948298,posterior.trees,,sample,bayesian,substitutions,Dunn2011
posterior-758,tree.4790000.7145.891574,posterior.trees,,sample,bayesian,substitutions,Dunn2011
posterior-759,tree.4795000.7148.770404,posterior.trees,,sample,bayesian,substitutions,Dunn2011
posterior-760,tree.4800000.7166.737623,posterior.trees,,sample,bayesian,substitutions,Dunn2011
posterior-761,tree.4805000.7148.359034,posterior.trees,,sample,bayesian,substitutions,Dunn2011
posterior-762,tree.4810000.7155.044384,posterior.trees,,sample,bayesian,substitutions,Dunn2011
posterior-763,tree.4815000.7151.890673,posterior.trees,,sample,bayesian,substitutions,Dunn2011
posterior-764,tree.4820000.7144.711766,posterior.trees,,sample,bayesian,substitutions,Dunn2011
posterior-765,tree.4825000.7150.720560,posterior.trees,,sample,bayesian,substitutions,Dunn2011
posterior-766,tree.4830000.7149.640456,posterior.trees,,sample,bayesian,substitutions,Dunn2011
posterior-767,tree.4835000.7149.393007,posterior.trees,,sample,bayesian,substitutions,Dunn2011
posterior-768,tree.4840000.7154.186096,posterior.trees,,sample,bayesian,substitutions,Dunn2011
posterior-769,tree.4845000.7159.759909,posterior.trees,,sample,bayesian,substitutions,Dunn2011
posterior-770,tree.4850000.7158.494716,posterior.trees,,sample,bayesian,substitutions,Dunn2011
posterior-771,tree.4855000.7166.445819,posterior.trees,,sample,bayesian,substitutions,Dunn2011
posterior-772,tree.4860000.7152.943509,posterior.trees,,sample,bayesian,substitutions,Dunn2011
posterior-773,tree.4865000.7160.039844,posterior.trees,,sample,bayesian,substitutions,Dunn2011
posterior-774,tree.4870000.7154.692287,posterior.trees,,sample,bayesian,substitutions,Dunn2011
posterior-775,tree.4875000.7156.307588,posterior.trees,,sample,bayesian,substitutions,Dunn2011
posterior-776,tree.4880000.7154.009995,posterior.trees,,sample,bayesian,substitutions,Dunn2011
posterior-777,tree.4885000.7158.476345,posterior.trees,,sample,bayesian,substitutions,Dunn2011
posterior-778,tree.4890000.7168.287009,posterior.trees,,sample,bayesian,substitutions,Dunn2011
posterior-779,tree.4895000.7152.736177,posterior.trees,,sample,bayesian,substitutions,Dunn2011
posterior-780,tree.4900000.7172.667364,posterior.trees,,sample,bayesian,substitutions,Dunn2011
posterior-781,tree.4905000.7155.946613,posterior.trees,,sample,bayesian,substitutions,Dunn2011
posterior-782,tree.4910000.7147.768279,posterior.trees,,sample,bayesian,substitutions,Dunn2011
posterior-783,tree.4915000.7150.661143,posterior.trees,,sample,bayesian,substitutions,Dunn2011
posterior-784,tree.4920000.7149.491948,posterior.trees,,sample,bayesian,substitutions,Dunn2011
posterior-785,tree.4925000.7152.539354,posterior.trees,,sample,bayesian,substitutions,Dunn2011
posterior-786,tree.4930000.7148.300634,posterior.trees,,sample,bayesian,substitutions,Dunn2011
posterior-787,tree.4935000.7155.133385,posterior.trees,,sample,bayesian,substitutions,Dunn2011
posterior-788,tree.4940000.7165.586930,posterior.trees,,sample,bayesian,substitutions,Dunn2011
posterior-789,tree.4945000.7162.452384,posterior.trees,,sample,bayesian,substitutions,Dunn2011
posterior-790,tree.4950000.7159.924511,posterior.trees,,sample,bayesian,substitutions,Dunn2011
posterior-791,tree.4955000.7156.129803,posterior.trees,,sample,bayesian,substitutions,Dunn2011
posterior-792,tree.4960000.7153.173356,posterior.trees,,sample,bayesian,substitutions,Dunn2011
posterior-793,tree.4965000.7157.253711,posterior.trees,,sample,bayesian,substitutions,Dunn2011
posterior-794,tree.4970000.7142.576387,posterior.trees,,sample,bayesian,substitutions,Dunn2011
posterior-795,tree.4975000.7151.538267,posterior.trees,,sample,bayesian,substitutions,Dunn2011
posterior-796,tree.4980000.7148.619087,posterior.trees,,sample,bayesian,substitutions,Dunn2011
posterior-797,tree.4985000.7147.028331,posterior.trees,,sample,bayesian,substitutions,Dunn2011
posterior-798,tree.4990000.7155.282431,posterior.trees,,sample,bayesian,substitutions,Dunn2011
posterior-799,tree.4995000.7153.260826,posterior.trees,,sample,bayesian,substitutions,Dunn2011
posterior-800,tree.5000000.7151.701866,posterior.trees,,sample,bayesian,substitutions,Dunn2011
